{
    "confidence_score": 0.2981509268283844,
    "ptm": 0.24281074106693268,
    "iptm": 0.16903150081634521,
    "ligand_iptm": 0.0,
    "protein_iptm": 0.16903150081634521,
    "complex_plddt": 0.3304307758808136,
    "complex_iplddt": 0.3315875828266144,
    "complex_pde": 4.909811496734619,
    "complex_ipde": 10.410901069641113,
    "chains_ptm": {
        "0": 0.6090080142021179,
        "1": 0.6253572702407837,
        "2": 0.594761073589325,
        "3": 0.6052124500274658,
        "4": 0.5995956659317017,
        "5": 0.5842090249061584
    },
    "pair_chains_iptm": {
        "0": {
            "0": 0.6090080142021179,
            "1": 0.21226805448532104,
            "2": 0.17323996126651764,
            "3": 0.1509501338005066,
            "4": 0.1281563937664032,
            "5": 0.14195221662521362
        },
        "1": {
            "0": 0.2336876392364502,
            "1": 0.6253572702407837,
            "2": 0.18617801368236542,
            "3": 0.19289973378181458,
            "4": 0.16608358919620514,
            "5": 0.16526983678340912
        },
        "2": {
            "0": 0.1619625985622406,
            "1": 0.173825204372406,
            "2": 0.594761073589325,
            "3": 0.16472409665584564,
            "4": 0.11824332177639008,
            "5": 0.10924419015645981
        },
        "3": {
            "0": 0.14358970522880554,
            "1": 0.1703334003686905,
            "2": 0.16667339205741882,
            "3": 0.6052124500274658,
            "4": 0.18261419236660004,
            "5": 0.1601351797580719
        },
        "4": {
            "0": 0.13227373361587524,
            "1": 0.15950775146484375,
            "2": 0.13082559406757355,
            "3": 0.18103395402431488,
            "4": 0.5995956659317017,
            "5": 0.16928644478321075
        },
        "5": {
            "0": 0.14710476994514465,
            "1": 0.16018277406692505,
            "2": 0.1084742471575737,
            "3": 0.15371261537075043,
            "4": 0.1658335030078888,
            "5": 0.5842090249061584
        }
    }
}