{
    "confidence_score": 0.4787704646587372,
    "ptm": 0.3912062644958496,
    "iptm": 0.29427826404571533,
    "ligand_iptm": 0.0,
    "protein_iptm": 0.29427826404571533,
    "complex_plddt": 0.5248934626579285,
    "complex_iplddt": 0.5265823602676392,
    "complex_pde": 2.7036867141723633,
    "complex_ipde": 7.25078010559082,
    "chains_ptm": {
        "0": 0.8564772009849548,
        "1": 0.8214209675788879,
        "2": 0.8823305368423462,
        "3": 0.8979871869087219,
        "4": 0.7163141965866089,
        "5": 0.7965797185897827
    },
    "pair_chains_iptm": {
        "0": {
            "0": 0.8564772009849548,
            "1": 0.2829301655292511,
            "2": 0.30981022119522095,
            "3": 0.29472094774246216,
            "4": 0.22785720229148865,
            "5": 0.24246859550476074
        },
        "1": {
            "0": 0.30672356486320496,
            "1": 0.8214209675788879,
            "2": 0.34136295318603516,
            "3": 0.3253430128097534,
            "4": 0.21221694350242615,
            "5": 0.2521679699420929
        },
        "2": {
            "0": 0.3198842704296112,
            "1": 0.3345724046230316,
            "2": 0.8823305368423462,
            "3": 0.35277655720710754,
            "4": 0.25480595231056213,
            "5": 0.28263533115386963
        },
        "3": {
            "0": 0.3024429380893707,
            "1": 0.30080217123031616,
            "2": 0.33401113748550415,
            "3": 0.8979871869087219,
            "4": 0.3060547709465027,
            "5": 0.3122777044773102
        },
        "4": {
            "0": 0.1915946900844574,
            "1": 0.17779994010925293,
            "2": 0.21918457746505737,
            "3": 0.24704155325889587,
            "4": 0.7163141965866089,
            "5": 0.2779022753238678
        },
        "5": {
            "0": 0.2169356495141983,
            "1": 0.21189795434474945,
            "2": 0.23339413106441498,
            "3": 0.26420170068740845,
            "4": 0.29072797298431396,
            "5": 0.7965797185897827
        }
    }
}