{
    "confidence_score": 0.2977113425731659,
    "ptm": 0.22970758378505707,
    "iptm": 0.16719727218151093,
    "ligand_iptm": 0.0,
    "protein_iptm": 0.16719727218151093,
    "complex_plddt": 0.33033984899520874,
    "complex_iplddt": 0.3301733732223511,
    "complex_pde": 5.008810520172119,
    "complex_ipde": 10.745573043823242,
    "chains_ptm": {
        "0": 0.6010348200798035,
        "1": 0.5875123739242554,
        "2": 0.614979088306427,
        "3": 0.5762279629707336,
        "4": 0.583078920841217,
        "5": 0.5986156463623047
    },
    "pair_chains_iptm": {
        "0": {
            "0": 0.6010348200798035,
            "1": 0.16657648980617523,
            "2": 0.19524095952510834,
            "3": 0.1612226814031601,
            "4": 0.1209769994020462,
            "5": 0.10410376638174057
        },
        "1": {
            "0": 0.17671895027160645,
            "1": 0.5875123739242554,
            "2": 0.16732507944107056,
            "3": 0.1787845641374588,
            "4": 0.16970953345298767,
            "5": 0.14955425262451172
        },
        "2": {
            "0": 0.19373440742492676,
            "1": 0.1667981594800949,
            "2": 0.614979088306427,
            "3": 0.1717109978199005,
            "4": 0.1339646577835083,
            "5": 0.1046191081404686
        },
        "3": {
            "0": 0.16931061446666718,
            "1": 0.17968401312828064,
            "2": 0.1715320199728012,
            "3": 0.5762279629707336,
            "4": 0.16748112440109253,
            "5": 0.1510702669620514
        },
        "4": {
            "0": 0.13179521262645721,
            "1": 0.16482104361057281,
            "2": 0.14428211748600006,
            "3": 0.17977994680404663,
            "4": 0.583078920841217,
            "5": 0.18679800629615784
        },
        "5": {
            "0": 0.10722623020410538,
            "1": 0.1455678790807724,
            "2": 0.10625563561916351,
            "3": 0.14659452438354492,
            "4": 0.17851999402046204,
            "5": 0.5986156463623047
        }
    }
}