{
    "confidence_score": 0.5531787872314453,
    "ptm": 0.49839070439338684,
    "iptm": 0.4272395372390747,
    "ligand_iptm": 0.0,
    "protein_iptm": 0.4272395372390747,
    "complex_plddt": 0.5846635699272156,
    "complex_iplddt": 0.5734726190567017,
    "complex_pde": 2.025502920150757,
    "complex_ipde": 5.138829708099365,
    "chains_ptm": {
        "0": 0.8616336584091187,
        "1": 0.8753690719604492,
        "2": 0.8756988048553467,
        "3": 0.8686718344688416,
        "4": 0.842409610748291,
        "5": 0.8160436749458313
    },
    "pair_chains_iptm": {
        "0": {
            "0": 0.8616336584091187,
            "1": 0.41988688707351685,
            "2": 0.40917471051216125,
            "3": 0.4272150993347168,
            "4": 0.40576234459877014,
            "5": 0.41401970386505127
        },
        "1": {
            "0": 0.43018409609794617,
            "1": 0.8753690719604492,
            "2": 0.4059726595878601,
            "3": 0.4510525166988373,
            "4": 0.39869797229766846,
            "5": 0.40811243653297424
        },
        "2": {
            "0": 0.3894612491130829,
            "1": 0.41468575596809387,
            "2": 0.8756988048553467,
            "3": 0.42149657011032104,
            "4": 0.43581312894821167,
            "5": 0.42547300457954407
        },
        "3": {
            "0": 0.41735994815826416,
            "1": 0.45878663659095764,
            "2": 0.41907021403312683,
            "3": 0.8686718344688416,
            "4": 0.42161059379577637,
            "5": 0.40486422181129456
        },
        "4": {
            "0": 0.4225926101207733,
            "1": 0.4109102785587311,
            "2": 0.43564432859420776,
            "3": 0.415264755487442,
            "4": 0.842409610748291,
            "5": 0.4837278425693512
        },
        "5": {
            "0": 0.41686755418777466,
            "1": 0.39394137263298035,
            "2": 0.4271794259548187,
            "3": 0.4192724823951721,
            "4": 0.4722610414028168,
            "5": 0.8160436749458313
        }
    }
}