{
    "confidence_score": 0.5318650603294373,
    "ptm": 0.4677336513996124,
    "iptm": 0.39749661087989807,
    "ligand_iptm": 0.0,
    "protein_iptm": 0.39749661087989807,
    "complex_plddt": 0.5654571056365967,
    "complex_iplddt": 0.5535001158714294,
    "complex_pde": 2.235654592514038,
    "complex_ipde": 5.573598861694336,
    "chains_ptm": {
        "0": 0.7988410592079163,
        "1": 0.8344065546989441,
        "2": 0.8061460852622986,
        "3": 0.8245031237602234,
        "4": 0.794029951095581,
        "5": 0.8173190355300903
    },
    "pair_chains_iptm": {
        "0": {
            "0": 0.7988410592079163,
            "1": 0.37775900959968567,
            "2": 0.3941899240016937,
            "3": 0.3807958960533142,
            "4": 0.36226826906204224,
            "5": 0.3729662597179413
        },
        "1": {
            "0": 0.3805679678916931,
            "1": 0.8344065546989441,
            "2": 0.37755507230758667,
            "3": 0.4132307171821594,
            "4": 0.36189180612564087,
            "5": 0.4086851477622986
        },
        "2": {
            "0": 0.3911762237548828,
            "1": 0.38852593302726746,
            "2": 0.8061460852622986,
            "3": 0.37888607382774353,
            "4": 0.3611336648464203,
            "5": 0.3494320809841156
        },
        "3": {
            "0": 0.38173866271972656,
            "1": 0.3921612501144409,
            "2": 0.3905056416988373,
            "3": 0.8245031237602234,
            "4": 0.39545828104019165,
            "5": 0.4166847765445709
        },
        "4": {
            "0": 0.3565729558467865,
            "1": 0.37203067541122437,
            "2": 0.3788517415523529,
            "3": 0.3973831832408905,
            "4": 0.794029951095581,
            "5": 0.4157070219516754
        },
        "5": {
            "0": 0.40329647064208984,
            "1": 0.42750096321105957,
            "2": 0.3600333333015442,
            "3": 0.4171868860721588,
            "4": 0.4083523154258728,
            "5": 0.8173190355300903
        }
    }
}